#pdb-id,I_prodigy_crystal_class,I_p_biological,I_p_crystal,Training
1a17_6,biological,0.948,0.052,False
1a3a_1,crystal,0.14,0.86,False
1a7g_1,biological,0.928,0.072,True
1ac6_1,biological,0.66,0.34,False
1afw_1,biological,0.996,0.004,False
1ail_1,crystal,0.456,0.544,True
1aiz_1,biological,0.648,0.352,False
1alu_1,crystal,0.248,0.752,False
1aoh_1,biological,0.508,0.492,False
1azt_1,crystal,0.364,0.636,False
1azw_1,crystal,0.148,0.852,False
1b0w_1,biological,0.748,0.252,False
1b23_4,crystal,0.172,0.828,False
1b78_1,biological,0.792,0.208,True
1bgf_1,crystal,0.292,0.708,False
1bhm_1,crystal,0.22,0.78,False
1bjj_9,crystal,0.328,0.672,False
1bjt_1,biological,0.928,0.072,False
1bp6_1,crystal,0.008,0.992,False
1br1_20,crystal,0.472,0.528,False
1bs2_4,crystal,0.06,0.94,False
1bws_1,crystal,0.028,0.972,True
1bww_1,crystal,0.472,0.528,False
1c16_14,crystal,0.212,0.788,False
1c3g_1,crystal,0.028,0.972,False
1cd0_1,biological,0.796,0.204,False
1cd8_1,biological,0.944,0.056,False
1cdt_1,biological,0.62,0.38,False
1cp2_1,biological,0.892,0.108,True
1cx8_2,biological,0.864,0.136,False
1cyy_5,crystal,0.344,0.656,False
1d1t_4,biological,1.0,0.0,True
1d5w_2,biological,0.704,0.296,False
1dd7_1,crystal,0.008,0.992,False
1dgk_1,crystal,0.284,0.716,False
1dov_3,crystal,0.484,0.516,False
1dp4_1,biological,0.556,0.444,False
1dp4_2,biological,0.556,0.444,False
1dt9_4,crystal,0.256,0.744,False
1dvr_1,crystal,0.3,0.7,False
1e0r_2,biological,0.512,0.488,False
1e59_1,crystal,0.408,0.592,False
1e6c_1,biological,0.944,0.056,False
1e7n_1,crystal,0.164,0.836,False
1e85_1,crystal,0.452,0.548,False
1ecx_1,crystal,0.376,0.624,False
1eeq_1,crystal,0.388,0.612,False
1eku_1,biological,0.616,0.384,False
1eqw_2,biological,0.72,0.28,False
1erv_1,crystal,0.252,0.748,False
1esr_1,crystal,0.232,0.768,False
1ewj_2,biological,0.928,0.072,False
1ex2_1,crystal,0.268,0.732,False
1f1c_1,crystal,0.192,0.808,False
1f1g_2,biological,0.8,0.2,False
1f1j_5,crystal,0.416,0.584,True
1fcf_6,crystal,0.328,0.672,False
1fdj_11,crystal,0.268,0.732,True
1fe0_1,biological,0.536,0.464,False
1fp3_2,biological,0.92,0.08,False
1fp5_1,biological,0.64,0.36,True
1fpq_1,biological,0.996,0.004,False
1fr1_1,crystal,0.296,0.704,False
1fse_3,crystal,0.24,0.76,False
1fu1_8,crystal,0.22,0.78,False
1fux_1,crystal,0.392,0.608,False
1fvp_1,biological,0.712,0.288,False
1fzv_1,biological,0.976,0.024,True
1g68_1,crystal,0.372,0.628,True
1g73_7,crystal,0.28,0.72,False
1gam_1,crystal,0.148,0.852,False
1gan_1,biological,0.552,0.448,False
1gcj_1,biological,0.848,0.152,False
1ggt_10,crystal,0.04,0.96,False
1gmz_1,crystal,0.376,0.624,False
1gxd_4,crystal,0.236,0.764,False
1gyl_1,biological,0.64,0.36,False
1gyo_1,biological,0.62,0.38,False
1h0x_1,biological,0.628,0.372,False
1h1y_1,biological,0.936,0.064,True
1h3i_1,biological,0.936,0.064,False
1ha4_1,crystal,0.168,0.832,False
1hjr_1,biological,0.928,0.072,False
1hlc_1,crystal,0.256,0.744,False
1hq8_1,biological,0.784,0.216,False
1hsj_1,biological,0.944,0.056,False
1hux_1,crystal,0.388,0.612,False
1hy3_1,crystal,0.328,0.672,False
1i49_3,crystal,0.108,0.892,False
1i74_1,crystal,0.412,0.588,False
1ibd_1,crystal,0.276,0.724,False
1ici_5,biological,0.872,0.128,False
1ii2_1,crystal,0.212,0.788,False
1iiw_1,biological,0.64,0.36,False
1ijy_1,crystal,0.12,0.88,False
1iqc_1,biological,0.996,0.004,True
1is3_1,biological,0.744,0.256,False
1iug_1,biological,0.836,0.164,True
1ivl_1,biological,0.572,0.428,False
1ix9_1,biological,0.652,0.348,False
1ixq_2,biological,0.916,0.084,False
1iyz_1,biological,0.544,0.456,False
1j1i_1,biological,0.552,0.448,False
1j36_3,crystal,0.376,0.624,False
1j8b_1,biological,0.5,0.5,False
1j8f_5,biological,0.992,0.008,False
1jbg_1,biological,0.648,0.352,False
1jhe_1,biological,0.604,0.396,False
1jil_1,crystal,0.38,0.62,False
1jm0_2,crystal,0.448,0.552,False
1jog_2,biological,0.548,0.452,False
1jqj_9,crystal,0.184,0.816,False
1jr9_1,biological,0.752,0.248,False
1jrk_1,biological,0.932,0.068,False
1juh_9,biological,0.972,0.028,False
1jye_1,crystal,0.196,0.804,False
1jzo_1,biological,0.804,0.196,True
1k1y_4,biological,0.516,0.484,False
1k46_1,biological,0.992,0.008,False
1k6i_3,crystal,0.324,0.676,False
1k9a_11,biological,0.852,0.148,False
1kcm_6,biological,0.728,0.272,False
1kez_1,crystal,0.208,0.792,False
1kho_1,biological,0.5,0.5,False
1khx_2,crystal,0.172,0.828,False
1kie_1,biological,0.624,0.376,False
1kix_3,biological,0.956,0.044,False
1ks2_1,biological,0.592,0.408,True
1ktn_1,crystal,0.388,0.612,False
1ku2_1,biological,0.824,0.176,False
1ku2_4,biological,0.84,0.16,False
1kut_1,biological,0.584,0.416,False
1kvo_2,biological,0.676,0.324,False
1l7c_5,biological,0.632,0.368,False
1lee_3,biological,0.984,0.016,False
1lkv_6,crystal,0.252,0.748,False
1lvb_5,crystal,0.092,0.908,False
1lws_4,crystal,0.384,0.616,False
1lyn_1,crystal,0.412,0.588,False
1m08_1,crystal,0.176,0.824,False
1m2a_1,biological,0.596,0.404,False
1m6b_2,biological,0.888,0.112,False
1m6u_9,crystal,0.404,0.596,False
1mft_1,biological,0.552,0.448,False
1mi8_1,crystal,0.42,0.58,False
1mml_2,biological,0.896,0.104,False
1mp9_1,biological,0.704,0.296,False
1mqd_4,crystal,0.136,0.864,False
1mvh_1,biological,0.828,0.172,False
1my6_1,biological,0.968,0.032,True
1my7_1,biological,0.612,0.388,False
1n0v_2,crystal,0.348,0.652,False
1nf7_4,biological,0.504,0.496,False
1nfs_1,biological,0.52,0.48,False
1nft_1,crystal,0.04,0.96,False
1nft_2,biological,0.536,0.464,False
1np6_1,biological,0.956,0.044,False
1np8_1,crystal,0.184,0.816,False
1ns5_1,biological,0.804,0.196,False
1nvt_1,biological,0.984,0.016,False
1nzi_1,biological,0.892,0.108,False
1o12_1,crystal,0.48,0.52,False
1o64_1,biological,0.768,0.232,False
1o6d_2,biological,0.864,0.136,False
1o92_2,crystal,0.236,0.764,False
1obb_1,crystal,0.432,0.568,False
1ohq_1,biological,0.688,0.312,False
1okj_1,crystal,0.324,0.676,False
1or3_7,crystal,0.056,0.944,False
1ors_10,biological,0.884,0.116,False
1ov4_1,crystal,0.472,0.528,False
1ovn_1,crystal,0.304,0.696,False
1oya_1,crystal,0.48,0.52,False
1p35_11,crystal,0.044,0.956,False
1p8l_1,crystal,0.308,0.692,False
1pcz_1,biological,0.912,0.088,False
1pd5_26,crystal,0.176,0.824,False
1poe_1,crystal,0.328,0.672,False
1pp3_2,crystal,0.392,0.608,False
1prx_1,biological,1.0,0.0,False
1psa_1,crystal,0.24,0.76,False
1psq_1,biological,0.552,0.448,False
1pxv_1,crystal,0.116,0.884,False
1q1e_2,biological,0.848,0.152,False
1q1n_1,biological,0.808,0.192,False
1q4j_1,crystal,0.188,0.812,False
1q7s_3,biological,0.748,0.252,False
1q98_1,crystal,0.36,0.64,False
1qex_1,biological,0.684,0.316,False
1qex_6,biological,0.592,0.408,False
1qg7_1,biological,0.592,0.408,False
1qhm_4,biological,0.956,0.044,False
1qhq_3,crystal,0.32,0.68,False
1qkd_1,biological,0.512,0.488,False
1qmj_1,biological,0.628,0.372,False
1qpg_1,crystal,0.068,0.932,False
1qq7_1,biological,0.964,0.036,False
1qrd_1,crystal,0.18,0.82,False
1qto_1,biological,1.0,0.0,False
1qvt_19,crystal,0.356,0.644,False
1qvw_1,crystal,0.292,0.708,False
1qxh_1,crystal,0.404,0.596,False
1qya_1,biological,0.888,0.112,False
1r5q_2,biological,0.792,0.208,True
1r7j_1,biological,0.648,0.352,True
1rcw_2,crystal,0.088,0.912,False
1rfy_1,biological,0.848,0.152,False
1rk4_1,biological,0.82,0.18,False
1rkr_5,biological,0.568,0.432,False
1rp5_3,biological,0.512,0.488,False
1rpa_1,biological,0.808,0.192,False
1rtv_1,biological,0.516,0.484,False
1rz6_2,biological,0.904,0.096,False
1s9c_6,biological,0.72,0.28,False
1s9p_1,crystal,0.192,0.808,False
1s9p_5,crystal,0.264,0.736,False
1se8_1,crystal,0.376,0.624,False
1sfl_1,biological,0.632,0.368,True
1sfr_4,crystal,0.348,0.652,False
1si5_3,crystal,0.096,0.904,False
1slb_2,biological,0.728,0.272,False
1som_1,crystal,0.0,1.0,False
1srr_1,crystal,0.364,0.636,False
1sw2_4,crystal,0.3,0.7,False
1sxs_1,biological,0.896,0.104,False
1syq_8,crystal,0.412,0.588,False
1t0i_1,biological,0.928,0.072,True
1t1e_2,biological,0.616,0.384,True
1t1l_1,biological,0.684,0.316,False
1t3w_1,biological,0.94,0.06,False
1taq_5,biological,0.636,0.364,False
1tf5_1,crystal,0.012,0.988,True
1tfg_1,biological,0.924,0.076,True
1tmk_1,crystal,0.42,0.58,False
1to0_3,crystal,0.384,0.616,False
1to4_1,biological,0.832,0.168,False
1tvd_1,crystal,0.408,0.592,False
1txn_1,biological,0.964,0.036,False
1tz3_1,crystal,0.24,0.76,False
1u07_1,biological,0.528,0.472,False
1u20_1,biological,0.908,0.092,False
1u2j_24,biological,0.66,0.34,False
1u3z_1,biological,0.612,0.388,False
1u4m_1,biological,0.692,0.308,False
1uat_2,crystal,0.348,0.652,False
1ud0_7,biological,0.792,0.208,False
1udv_1,crystal,0.464,0.536,True
1uer_2,biological,0.98,0.02,False
1ujk_3,crystal,0.156,0.844,False
1ujn_1,biological,0.912,0.088,True
1ukg_1,crystal,0.18,0.82,False
1uou_1,biological,0.828,0.172,True
1usm_1,crystal,0.496,0.504,True
1uvz_3,biological,0.54,0.46,False
1v2a_1,biological,0.684,0.316,False
1v2z_1,biological,0.692,0.308,False
1v4t_4,biological,0.632,0.368,False
1v4v_1,biological,0.892,0.108,False
1v98_2,biological,0.656,0.344,False
1vez_2,biological,0.636,0.364,False
1vg9_2,crystal,0.452,0.548,False
1vh0_8,biological,0.94,0.06,False
1vic_7,crystal,0.264,0.736,False
1vok_6,crystal,0.192,0.808,False
1vpl_1,crystal,0.284,0.716,True
1vqu_1,biological,0.808,0.192,True
1vr0_1,crystal,0.436,0.564,False
1wac_4,crystal,0.256,0.744,False
1wlg_3,crystal,0.356,0.644,False
1wn2_1,biological,0.888,0.112,False
1wtc_1,crystal,0.264,0.736,False
1wwp_1,crystal,0.332,0.668,False
1x1p_3,biological,0.544,0.456,False
1xef_2,crystal,0.408,0.592,False
1xew_4,crystal,0.252,0.748,False
1xi1_1,biological,0.56,0.44,False
1xi3_1,crystal,0.208,0.792,False
1xkv_1,crystal,0.068,0.932,False
1xkz_2,crystal,0.132,0.868,False
1xlu_1,biological,0.56,0.44,False
1xrc_5,crystal,0.044,0.956,False
1xre_1,biological,0.924,0.076,True
1xso_1,biological,0.832,0.168,False
1xsv_1,crystal,0.356,0.644,False
1xty_2,biological,0.8,0.2,False
1xub_1,crystal,0.016,0.984,True
1xuq_1,biological,0.928,0.072,True
1xur_1,biological,0.8,0.2,False
1xvq_2,crystal,0.388,0.612,False
1xwb_5,crystal,0.464,0.536,False
1y67_1,biological,0.952,0.048,True
1y6h_3,biological,0.976,0.024,False
1y7h_2,crystal,0.172,0.828,False
1y7y_1,crystal,0.432,0.568,False
1yad_2,biological,0.548,0.452,False
1yae_9,crystal,0.288,0.712,False
1ybz_2,biological,0.92,0.08,False
1ye5_1,biological,0.876,0.124,False
1yem_1,biological,0.628,0.372,False
1yln_1,biological,0.572,0.428,False
1ysj_1,biological,0.9,0.1,False
1yv9_1,crystal,0.152,0.848,False
1yvl_4,biological,0.548,0.452,False
1z72_1,biological,0.784,0.216,True
1z9p_1,crystal,0.476,0.524,False
1zbh_2,crystal,0.42,0.58,False
1zbr_1,crystal,0.256,0.744,False
1zc6_1,crystal,0.176,0.824,False
1zcj_3,biological,0.528,0.472,True
1zh2_1,crystal,0.46,0.54,False
1zjj_1,biological,0.98,0.02,True
1zlj_1,crystal,0.16,0.84,False
1zp7_1,biological,0.668,0.332,False
1zsz_1,crystal,0.204,0.796,False
1zxk_1,biological,0.888,0.112,False
1zy2_1,biological,0.672,0.328,False
1zzh_2,biological,0.9,0.1,False
2a4a_3,crystal,0.376,0.624,False
2a67_2,crystal,0.316,0.684,False
2a8f_1,crystal,0.368,0.632,False
2ac1_3,crystal,0.18,0.82,False
2aca_1,crystal,0.152,0.848,True
2ahm_21,biological,0.56,0.44,False
2ajq_9,crystal,0.06,0.94,False
2aps_1,crystal,0.376,0.624,False
2ar8_1,crystal,0.184,0.816,False
2axi_3,biological,0.544,0.456,True
2b0u_18,crystal,0.348,0.652,False
2b5a_1,biological,0.636,0.364,False
2b7l_1,crystal,0.46,0.54,False
2b8h_6,crystal,0.136,0.864,False
2bbh_4,crystal,0.484,0.516,False
2bde_2,crystal,0.284,0.716,False
2bdm_2,crystal,0.272,0.728,False
2bdq_1,crystal,0.428,0.572,True
2bej_1,crystal,0.424,0.576,False
2bhm_2,crystal,0.412,0.588,False
2bho_1,biological,0.76,0.24,False
2bm5_1,biological,0.86,0.14,False
2bpd_1,crystal,0.308,0.692,False
2brv_1,crystal,0.204,0.796,False
2c2x_1,biological,0.968,0.032,True
2c9s_1,biological,0.904,0.096,False
2cc3_1,crystal,0.036,0.964,False
2cd0_1,biological,0.504,0.496,False
2ctx_1,biological,0.512,0.488,False
2cw2_1,biological,0.972,0.028,True
2cw3_1,biological,0.824,0.176,False
2cx4_1,biological,0.704,0.296,False
2d13_2,biological,0.732,0.268,False
2d4h_1,crystal,0.08,0.92,False
2dc4_1,crystal,0.424,0.576,False
2dh6_1,crystal,0.232,0.768,False
2dou_1,biological,0.976,0.024,True
2dpf_1,biological,0.956,0.044,True
2dql_1,biological,0.792,0.208,False
2dsj_1,biological,0.692,0.308,True
2dvn_1,crystal,0.072,0.928,False
2dwu_1,biological,0.516,0.484,False
2dwy_6,biological,0.888,0.112,False
2e1d_1,crystal,0.108,0.892,False
2e2c_1,crystal,0.34,0.66,False
2e46_1,biological,0.796,0.204,False
2eav_1,crystal,0.136,0.864,False
2ebb_1,biological,0.524,0.476,True
2ecf_1,biological,0.932,0.068,False
2egu_3,biological,0.624,0.376,False
2ejn_1,biological,0.504,0.496,False
2ekz_1,crystal,0.084,0.916,False
2eo0_1,crystal,0.412,0.588,False
2erc_1,biological,0.564,0.436,False
2ew2_1,crystal,0.288,0.712,False
2ewt_1,biological,0.536,0.464,False
2f00_1,biological,0.504,0.496,False
2f1m_2,crystal,0.196,0.804,False
2f1z_5,crystal,0.148,0.852,False
2f5e_1,biological,0.784,0.216,False
2f6s_1,crystal,0.464,0.536,False
2f96_1,biological,0.784,0.216,False
2f9q_2,crystal,0.14,0.86,False
2f9q_3,biological,0.756,0.244,False
2fca_1,crystal,0.14,0.86,False
2fco_1,biological,0.776,0.224,False
2ffv_3,crystal,0.132,0.868,False
2fhq_1,biological,0.904,0.096,True
2fj2_2,biological,0.604,0.396,False
2fn1_1,biological,0.596,0.404,False
2fuc_1,crystal,0.364,0.636,False
2fv7_1,crystal,0.056,0.944,False
2g0h_1,crystal,0.084,0.916,False
2g3k_8,crystal,0.192,0.808,False
2g3p_1,biological,0.584,0.416,False
2g45_2,biological,0.98,0.02,False
2g7p_1,biological,0.716,0.284,False
2gd5_1,biological,0.724,0.276,False
2gff_1,biological,0.752,0.248,False
2goj_1,biological,0.98,0.02,False
2gpc_1,biological,0.76,0.24,True
2gs2_1,biological,0.604,0.396,False
2gsl_3,crystal,0.328,0.672,False
2gwh_1,crystal,0.376,0.624,False
2gz6_1,crystal,0.176,0.824,False
2h2w_1,crystal,0.464,0.536,False
2h8k_1,biological,0.532,0.468,False
2h9u_1,biological,0.724,0.276,True
2ha7_1,crystal,0.012,0.988,False
2hb0_1,crystal,0.136,0.864,False
2hjd_1,biological,0.648,0.352,False
2hk3_1,biological,0.696,0.304,False
2hku_1,biological,0.9,0.1,False
2hng_1,crystal,0.436,0.564,False
2hzb_1,biological,0.644,0.356,False
2i45_4,biological,0.812,0.188,False
2i5p_1,biological,1.0,0.0,True
2i6a_2,biological,0.804,0.196,False
2i7p_1,crystal,0.048,0.952,False
2i91_1,crystal,0.048,0.952,False
2i9z_1,biological,0.764,0.236,False
2ibm_4,biological,0.62,0.38,False
2idl_1,crystal,0.428,0.572,False
2ijd_5,biological,0.616,0.384,False
2ikk_1,biological,0.776,0.224,True
2imn_1,biological,0.528,0.472,False
2imz_1,crystal,0.104,0.896,False
2io3_12,biological,0.984,0.016,False
2isy_1,biological,0.664,0.336,False
2itf_5,crystal,0.204,0.796,False
2iut_1,crystal,0.028,0.972,False
2iut_6,crystal,0.076,0.924,False
2iy2_1,biological,0.872,0.128,False
2j3s_1,biological,0.74,0.26,False
2j3x_1,crystal,0.392,0.608,False
2j3z_7,biological,0.5,0.5,False
2j7l_4,crystal,0.492,0.508,False
2j80_1,crystal,0.112,0.888,False
2j85_1,biological,0.6,0.4,False
2j8m_1,biological,0.952,0.048,False
2j8w_1,crystal,0.276,0.724,False
2j8z_1,biological,0.92,0.08,False
2j98_1,biological,0.748,0.252,False
2jbx_1,biological,0.532,0.468,False
2jfp_1,crystal,0.356,0.644,False
2jkr_34,crystal,0.076,0.924,False
2jlp_3,biological,0.772,0.228,False
2npn_3,biological,0.516,0.484,True
2nsa_5,biological,0.728,0.272,False
2nsa_6,crystal,0.264,0.736,False
2ntx_3,crystal,0.032,0.968,False
2nub_6,crystal,0.276,0.724,False
2nvn_1,biological,0.704,0.296,False
2nwu_1,crystal,0.216,0.784,False
2nwv_1,biological,0.58,0.42,False
2nx9_1,biological,0.964,0.036,False
2nyb_2,biological,0.96,0.04,False
2nys_1,biological,0.676,0.324,False
2o1v_1,biological,0.688,0.312,False
2o7m_6,biological,0.572,0.428,False
2o9a_1,crystal,0.356,0.644,False
2oai_1,crystal,0.34,0.66,False
2ob5_1,biological,0.548,0.452,False
2ofj_1,crystal,0.012,0.988,False
2ogi_1,biological,0.752,0.248,False
2oik_2,crystal,0.444,0.556,True
2omk_1,biological,0.684,0.316,True
2ont_3,biological,0.964,0.036,False
2oo2_1,biological,0.808,0.192,False
2oqt_5,crystal,0.468,0.532,False
2ov8_1,crystal,0.388,0.612,False
2ovg_3,crystal,0.432,0.568,False
2ovi_2,biological,0.78,0.22,False
2oz6_1,biological,0.924,0.076,False
2ozv_1,crystal,0.392,0.608,False
2p22_22,biological,0.704,0.296,False
2p5u_1,biological,0.948,0.052,False
2pcj_1,crystal,0.404,0.596,False
2pf4_5,crystal,0.388,0.612,False
2pfi_1,crystal,0.38,0.62,False
2ph0_1,biological,0.612,0.388,False
2ph1_1,biological,0.524,0.476,False
2pij_1,biological,0.572,0.428,False
2pju_1,biological,0.728,0.272,False
2pl1_1,crystal,0.184,0.816,False
2pls_5,biological,0.612,0.388,False
2pmr_1,biological,0.668,0.332,False
2pn5_2,crystal,0.492,0.508,False
2ppv_1,biological,0.764,0.236,True
2pr8_3,biological,0.816,0.184,False
2pwj_2,biological,0.824,0.176,False
2pzz_1,crystal,0.148,0.852,False
2q24_2,crystal,0.364,0.636,False
2q30_4,biological,0.888,0.112,False
2q4n_1,biological,0.852,0.148,False
2q5c_3,biological,0.512,0.488,False
2q7d_1,biological,0.956,0.044,False
2q8r_2,biological,0.84,0.16,False
2qaz_2,biological,0.852,0.148,False
2qc7_2,crystal,0.408,0.592,False
2qgh_1,biological,0.98,0.02,True
2qld_1,biological,0.792,0.208,False
2qlx_2,biological,0.92,0.08,False
2qms_1,biological,0.92,0.08,False
2qrr_1,crystal,0.444,0.556,False
2qsq_1,biological,0.68,0.32,False
2qxl_1,crystal,0.14,0.86,False
2qxy_1,biological,0.64,0.36,False
2qyu_1,biological,0.868,0.132,True
2r3v_6,biological,0.524,0.476,False
2r7h_1,biological,0.64,0.36,False
2r8q_1,biological,0.616,0.384,False
2rax_22,crystal,0.372,0.628,False
2rc3_2,biological,0.792,0.208,False
2rcv_2,biological,0.92,0.08,True
2rdi_2,crystal,0.432,0.568,False
2rgv_1,biological,0.98,0.02,False
2rhj_1,biological,0.516,0.484,False
2snw_1,biological,0.508,0.492,False
2tpt_1,biological,0.696,0.304,False
2uzj_8,biological,0.88,0.12,False
2v3t_1,crystal,0.22,0.78,False
2v54_1,crystal,0.416,0.584,True
2v5n_1,crystal,0.424,0.576,False
2v9c_1,biological,0.96,0.04,True
2vj4_7,crystal,0.18,0.82,False
2vnc_8,crystal,0.408,0.592,False
2vpk_1,biological,0.728,0.272,True
2vrn_1,biological,0.576,0.424,False
2vsc_4,biological,0.996,0.004,False
2vx8_1,biological,0.996,0.004,False
2w0l_2,crystal,0.448,0.552,False
2w68_11,crystal,0.312,0.688,False
2w7w_1,biological,0.984,0.016,True
2wcu_1,biological,0.744,0.256,False
2we8_2,biological,0.708,0.292,False
2wfc_1,biological,0.568,0.432,False
2wfh_1,biological,0.824,0.176,False
2wnh_2,crystal,0.24,0.76,False
2wnh_5,biological,0.548,0.452,False
2ws2_1,biological,0.56,0.44,True
2wui_1,biological,0.976,0.024,False
2x2a_1,crystal,0.12,0.88,False
2x2u_3,biological,0.552,0.448,False
2x4i_1,biological,0.652,0.348,False
2x6g_7,biological,0.856,0.144,True
2xbf_2,crystal,0.016,0.984,False
2xcr_4,crystal,0.268,0.732,False
2xdp_6,biological,0.972,0.028,False
2xeq_1,crystal,0.04,0.96,False
2xeq_5,crystal,0.132,0.868,False
2xer_3,biological,0.868,0.132,False
2xeu_1,biological,0.844,0.156,False
2xhf_1,biological,0.56,0.44,False
2xiq_1,crystal,0.368,0.632,False
2xj3_1,crystal,0.316,0.684,True
2xj9_1,biological,0.76,0.24,False
2xss_2,biological,0.968,0.032,False
2xt2_1,biological,0.636,0.364,False
2xwc_1,crystal,0.388,0.612,True
2yaz_6,crystal,0.132,0.868,False
2ycj_1,biological,0.98,0.02,False
2ym0_5,biological,0.684,0.316,False
2ym9_8,biological,0.572,0.428,False
2ymz_2,crystal,0.472,0.528,False
2yvq_2,biological,0.976,0.024,False
2yvu_1,crystal,0.404,0.596,False
2ywa_1,biological,0.616,0.384,False
2yxz_2,biological,0.992,0.008,False
2yy9_1,biological,0.776,0.224,False
2z00_2,crystal,0.432,0.568,False
2z0f_1,crystal,0.156,0.844,False
2z6f_1,crystal,0.436,0.564,False
2z7c_2,biological,0.712,0.288,False
2zb3_4,crystal,0.424,0.576,False
2ze3_1,biological,0.988,0.012,False
2zhg_1,biological,0.828,0.172,False
2zkj_2,crystal,0.024,0.976,False
2znh_1,biological,0.976,0.024,False
2zoz_2,crystal,0.244,0.756,True
2zu1_3,biological,0.748,0.252,False
2zv3_3,biological,0.824,0.176,False
2zvz_1,biological,0.796,0.204,False
2zw2_1,biological,0.956,0.044,False
2zxy_1,crystal,0.372,0.628,False
2zz8_1,biological,0.896,0.104,False
2zzn_2,crystal,0.384,0.616,False
2zzt_1,crystal,0.424,0.576,False
3a1d_5,crystal,0.472,0.528,False
3a44_1,biological,0.928,0.072,False
3a9i_1,biological,0.824,0.176,False
3aad_12,crystal,0.168,0.832,False
3ajz_1,crystal,0.416,0.584,False
3al9_1,crystal,0.216,0.784,False
3aln_1,biological,0.864,0.136,False
3ani_1,crystal,0.372,0.628,False
3aos_1,biological,0.556,0.444,False
3aqt_1,crystal,0.212,0.788,False
3atp_1,biological,0.584,0.416,False
3auf_1,biological,0.58,0.42,False
3aux_2,biological,0.824,0.176,False
3aw8_1,biological,0.768,0.232,False
3b39_3,crystal,0.212,0.788,False
3b4u_1,biological,0.988,0.012,True
3b7h_1,biological,0.596,0.404,False
3b7m_6,crystal,0.212,0.788,False
3bde_2,biological,0.932,0.068,False
3bdl_3,biological,0.976,0.024,False
3bif_1,crystal,0.352,0.648,False
3bjr_1,biological,0.608,0.392,True
3bjv_1,crystal,0.268,0.732,False
3bl8_1,crystal,0.42,0.58,False
3blc_3,biological,1.0,0.0,False
3bqa_1,crystal,0.192,0.808,False
3bs3_1,crystal,0.388,0.612,False
3bwv_1,biological,0.788,0.212,False
3bxh_1,crystal,0.04,0.96,False
3bxx_1,crystal,0.492,0.508,False
3bxz_1,biological,0.788,0.212,False
3by8_2,crystal,0.236,0.764,False
3c1q_1,crystal,0.028,0.972,False
3c5q_1,biological,0.976,0.024,False
3c6b_1,biological,0.66,0.34,False
3c8j_1,biological,0.816,0.184,False
3c8x_2,biological,0.956,0.044,False
3c9g_1,crystal,0.312,0.688,False
3cb2_1,biological,0.84,0.16,False
3ccg_1,biological,0.564,0.436,False
3ce1_1,biological,0.88,0.12,False
3cei_1,biological,0.996,0.004,True
3chi_1,biological,0.676,0.324,False
3cjw_1,crystal,0.052,0.948,True
3cl3_7,biological,0.596,0.404,False
3clk_1,biological,0.776,0.224,True
3clv_1,crystal,0.1,0.9,False
3cnk_1,biological,0.704,0.296,False
3cpe_5,biological,0.808,0.192,False
3crj_1,biological,0.684,0.316,False
3ctz_1,biological,0.932,0.068,False
3cwc_1,crystal,0.344,0.656,True
3cwn_2,crystal,0.124,0.876,False
3cyv_1,crystal,0.444,0.556,False
3cz7_3,biological,0.836,0.164,False
3d6r_3,crystal,0.396,0.604,False
3d7a_1,crystal,0.168,0.832,False
3d7q_2,biological,0.58,0.42,False
3d8u_1,biological,0.688,0.312,False
3da8_1,biological,0.848,0.152,False
3dcj_1,crystal,0.012,0.988,False
3dd9_1,biological,0.992,0.008,False
3ded_1,crystal,0.492,0.508,False
3dex_1,crystal,0.148,0.852,False
3dh1_1,biological,0.772,0.228,False
3die_1,biological,0.992,0.008,False
3dih_2,crystal,0.4,0.6,False
3dka_1,crystal,0.372,0.628,False
3dl3_1,crystal,0.428,0.572,False
3dm8_1,biological,0.884,0.116,False
3do5_1,biological,0.976,0.024,False
3dpt_1,crystal,0.3,0.7,False
3dqp_1,crystal,0.408,0.592,True
3dqv_12,crystal,0.24,0.76,False
3dqz_2,biological,0.532,0.468,False
3dui_1,biological,0.52,0.48,False
3duv_1,biological,0.908,0.092,False
3dvf_1,biological,0.616,0.384,False
3dvi_1,biological,0.696,0.304,True
3dxb_16,biological,0.556,0.444,False
3dyd_1,biological,0.988,0.012,False
3e6d_1,biological,0.976,0.024,False
3e7k_14,biological,0.744,0.256,False
3e7p_1,biological,0.784,0.216,True
3e8s_1,crystal,0.172,0.828,False
3eb8_3,biological,0.668,0.332,False
3ec9_1,biological,0.8,0.2,False
3eeg_1,crystal,0.22,0.78,False
3ees_1,crystal,0.26,0.74,False
3efb_1,crystal,0.2,0.8,False
3egj_2,biological,0.692,0.308,False
3ego_1,biological,0.796,0.204,False
3ehc_1,biological,0.78,0.22,False
3eij_1,biological,0.536,0.464,False
3enm_11,biological,0.98,0.02,False
3eoq_1,crystal,0.14,0.86,True
3erj_1,biological,0.872,0.128,False
3esf_1,biological,0.98,0.02,False
3eul_6,crystal,0.144,0.856,False
3eus_1,biological,0.824,0.176,False
3ewb_1,crystal,0.076,0.924,True
3ez9_2,biological,0.98,0.02,False
3f14_1,biological,0.8,0.2,False
3f3y_2,crystal,0.1,0.9,False
3f4k_1,biological,0.5,0.5,False
3f8h_1,biological,0.904,0.096,False
3f9s_1,biological,0.82,0.18,False
3fb3_1,biological,0.96,0.04,False
3fbt_2,biological,0.552,0.448,False
3fbu_1,biological,0.828,0.172,True
3fcx_1,crystal,0.012,0.988,False
3fdg_1,crystal,0.24,0.76,False
3fe1_7,crystal,0.312,0.688,False
3ffn_1,biological,0.732,0.268,False
3fg3_1,crystal,0.036,0.964,False
3fg6_42,crystal,0.192,0.808,False
3fh0_1,crystal,0.332,0.668,False
3fjo_2,crystal,0.04,0.96,False
3frl_1,biological,0.772,0.228,False
3frs_2,biological,0.508,0.492,False
3ftj_3,biological,0.58,0.42,False
3ftj_5,biological,0.72,0.28,False
3g0f_1,biological,0.932,0.068,False
3g0k_1,biological,0.888,0.112,False
3g13_1,crystal,0.288,0.712,True
3g17_2,crystal,0.488,0.512,False
3g45_1,crystal,0.108,0.892,False
3g48_2,crystal,0.08,0.92,False
3g7p_1,biological,0.548,0.452,True
3gff_1,crystal,0.384,0.616,False
3ghy_3,crystal,0.488,0.512,False
3glv_1,crystal,0.256,0.744,False
3gor_1,biological,0.532,0.468,False
3grl_1,biological,0.936,0.064,True
3gty_7,crystal,0.348,0.652,False
3gw2_1,biological,0.968,0.032,True
3gz1_1,biological,0.952,0.048,False
3h1s_1,biological,0.992,0.008,True
3h2d_1,biological,0.684,0.316,False
3h7l_3,crystal,0.096,0.904,False
3hde_2,crystal,0.424,0.576,False
3hdv_3,biological,0.656,0.344,False
3hf7_2,crystal,0.464,0.536,False
3hgv_3,crystal,0.2,0.8,False
3hh7_1,biological,0.696,0.304,False
3hha_4,crystal,0.164,0.836,False
3hhv_1,biological,0.728,0.272,False
3hie_3,biological,0.996,0.004,False
3hj6_1,biological,0.568,0.432,False
3hjg_1,biological,0.656,0.344,False
3hjp_1,biological,0.752,0.248,False
3hm7_2,crystal,0.348,0.652,False
3hmk_1,crystal,0.332,0.668,False
3hn2_1,crystal,0.392,0.608,False
3hna_3,biological,0.836,0.164,False
3hpn_1,biological,0.592,0.408,False
3hq2_1,biological,0.716,0.284,False
3hqx_1,biological,0.748,0.252,False
3hru_1,crystal,0.364,0.636,False
3htv_1,biological,0.86,0.14,True
3hv2_1,biological,0.572,0.428,False
3hx8_2,biological,0.748,0.252,False
3hy1_5,crystal,0.38,0.62,False
3hy8_1,biological,0.968,0.032,False
3hyq_2,crystal,0.388,0.612,False
3hz4_1,biological,0.876,0.124,False
3hzu_1,biological,0.504,0.496,False
3i83_1,crystal,0.292,0.708,True
3i8b_2,biological,0.572,0.428,True
3icw_3,biological,0.984,0.016,False
3ift_2,crystal,0.432,0.568,False
3igd_1,crystal,0.124,0.876,False
3igr_2,biological,0.844,0.156,True
3ihl_5,biological,0.976,0.024,False
3ihr_3,crystal,0.3,0.7,False
3ijl_2,crystal,0.136,0.864,False
3jpw_2,crystal,0.316,0.684,False
3jr8_2,crystal,0.484,0.516,False
3jth_1,crystal,0.356,0.644,False
3juw_2,crystal,0.308,0.692,False
3jv5_2,biological,0.512,0.488,False
3jv9_1,crystal,0.368,0.632,True
3jw0_13,crystal,0.112,0.888,False
3k1m_1,crystal,0.14,0.86,True
3k44_21,crystal,0.26,0.74,False
3k55_9,biological,0.976,0.024,False
3k5s_1,crystal,0.196,0.804,False
3k5x_2,crystal,0.148,0.852,False
3k6k_2,crystal,0.476,0.524,False
3k86_1,biological,0.96,0.04,False
3k8v_9,biological,0.716,0.284,False
3kay_1,crystal,0.272,0.728,False
3kb1_1,crystal,0.344,0.656,False
3kbf_1,biological,0.752,0.248,False
3kcn_1,crystal,0.068,0.932,False
3keb_1,crystal,0.28,0.72,False
3kg6_2,crystal,0.432,0.568,False
3kg7_2,crystal,0.196,0.804,False
3kg8_1,crystal,0.36,0.64,False
3kga_1,biological,0.576,0.424,False
3khp_2,crystal,0.476,0.524,False
3kht_2,biological,0.764,0.236,False
3kkc_1,crystal,0.292,0.708,False
3knz_3,biological,0.572,0.428,False
3kph_1,biological,0.988,0.012,False
3ksh_1,biological,0.724,0.276,False
3kt3_3,biological,0.676,0.324,False
3ktm_12,biological,0.796,0.204,False
3kux_3,crystal,0.16,0.84,False
3kvb_1,biological,0.684,0.316,False
3kza_1,crystal,0.364,0.636,False
3l0z_5,crystal,0.276,0.724,False
3l18_1,crystal,0.432,0.568,False
3l1e_1,biological,0.848,0.152,False
3l1w_2,crystal,0.396,0.604,False
3l5z_1,biological,0.792,0.208,False
3l6b_1,crystal,0.476,0.524,False
3l7o_1,biological,0.968,0.032,True
3l9e_2,biological,0.82,0.18,False
3l9n_5,crystal,0.064,0.936,False
3l9z_1,biological,0.932,0.068,True
3lag_1,crystal,0.428,0.572,False
3lcr_1,biological,0.516,0.484,False
3leq_2,crystal,0.448,0.552,False
3lf6_1,biological,0.784,0.216,False
3lf7_2,crystal,0.36,0.64,False
3lfi_1,crystal,0.42,0.58,False
3lhk_2,biological,0.916,0.084,False
3lhr_1,biological,0.904,0.096,False
3lhx_1,crystal,0.164,0.836,False
3ljb_2,crystal,0.224,0.776,False
3ljs_1,biological,0.736,0.264,False
3lmb_1,biological,0.868,0.132,False
3lmn_8,biological,0.596,0.404,False
3lo3_3,biological,0.824,0.176,False
3lp9_1,crystal,0.34,0.66,False
3lpm_1,crystal,0.48,0.52,False
3lqe_5,crystal,0.06,0.94,False
3lqn_1,biological,0.672,0.328,False
3lrq_1,biological,0.732,0.268,False
3lrq_2,biological,0.624,0.376,False
3ltv_1,biological,0.852,0.148,False
3lv9_1,crystal,0.444,0.556,False
3lwb_1,crystal,0.296,0.704,True
3lxy_1,biological,0.864,0.136,False
3lya_4,crystal,0.048,0.952,True
3lyc_3,biological,0.736,0.264,False
3lyn_1,crystal,0.428,0.572,True
3lyp_1,crystal,0.496,0.504,False
3lza_1,crystal,0.412,0.588,False
3m45_2,crystal,0.268,0.732,False
3m5b_1,crystal,0.392,0.608,True
3m5u_1,biological,0.768,0.232,False
3m7p_3,biological,0.944,0.056,False
3me4_1,crystal,0.324,0.676,False
3mg9_3,crystal,0.332,0.668,False
3mgc_2,biological,0.968,0.032,False
3ml6_3,biological,0.8,0.2,False
3ml6_7,crystal,0.18,0.82,False
3mlo_3,crystal,0.236,0.764,False
3mlp_10,biological,0.768,0.232,False
3mnd_1,biological,0.852,0.148,False
3mq4_1,crystal,0.32,0.68,False
3msq_6,biological,0.872,0.128,False
3mt5_4,biological,0.712,0.288,False
3mux_1,crystal,0.42,0.58,False
3mxo_2,biological,0.54,0.46,False
3n3m_1,biological,0.976,0.024,False
3n5c_1,biological,0.908,0.092,False
3n77_3,biological,0.544,0.456,False
3nan_2,crystal,0.056,0.944,False
3nc1_5,crystal,0.064,0.936,False
3nfc_1,crystal,0.4,0.6,False
3nib_1,biological,0.704,0.296,False
3nj2_1,crystal,0.364,0.636,True
3npc_2,biological,0.932,0.068,False
3nrd_1,biological,0.92,0.08,True
3nuh_5,crystal,0.056,0.944,False
3nur_2,biological,0.988,0.012,False
3nyl_3,crystal,0.332,0.668,False
3nyo_3,crystal,0.1,0.9,False
3nzp_2,crystal,0.18,0.82,False
3nzr_2,crystal,0.356,0.644,False
3o0m_1,biological,0.94,0.06,True
3o51_5,biological,0.952,0.048,False
3o63_1,crystal,0.284,0.716,False
3o77_2,biological,0.676,0.324,False
3o9s_1,crystal,0.124,0.876,False
3oa4_1,biological,0.972,0.028,True
3obh_1,biological,0.512,0.488,False
3oco_1,biological,0.508,0.492,False
3oet_2,crystal,0.236,0.764,False
3okt_4,crystal,0.232,0.768,False
3ooo_1,crystal,0.38,0.62,False
3opu_23,crystal,0.164,0.836,False
3orr_1,biological,0.648,0.352,False
3oxp_1,crystal,0.42,0.58,False
3oym_4,crystal,0.052,0.948,False
3p0c_3,crystal,0.292,0.708,False
3p0u_1,crystal,0.328,0.672,False
3p27_1,crystal,0.428,0.572,False
3p3d_2,biological,0.612,0.388,False
3p4y_1,biological,0.904,0.096,False
3p9x_1,crystal,0.412,0.588,False
3pbb_5,crystal,0.412,0.588,False
3pc6_1,crystal,0.04,0.96,False
3pc7_1,crystal,0.3,0.7,False
3pf9_1,crystal,0.148,0.852,False
3pfy_4,crystal,0.432,0.568,False
3pim_1,biological,0.932,0.068,False
3pl2_2,biological,0.828,0.172,False
3pm7_1,crystal,0.42,0.58,False
3pnd_8,biological,0.644,0.356,False
3ppe_1,biological,0.684,0.316,False
3ppl_1,biological,0.992,0.008,False
3pr8_1,biological,0.608,0.392,False
3prb_7,crystal,0.304,0.696,False
3pu7_1,biological,0.76,0.24,False
3pyi_1,biological,0.74,0.26,False
3q1d_1,crystal,0.152,0.848,False
3q5m_5,crystal,0.216,0.784,False
3q64_1,crystal,0.42,0.58,False
3qat_3,crystal,0.436,0.564,False
3qb2_9,biological,0.712,0.288,False
3qm2_1,crystal,0.328,0.672,True
3qq6_1,crystal,0.292,0.708,False
3qwm_1,biological,0.544,0.456,False
3qxu_2,crystal,0.22,0.78,False
3qyj_3,biological,0.64,0.36,False
3r03_1,biological,0.588,0.412,False
3r0n_1,biological,0.708,0.292,False
3r6m_1,biological,0.656,0.344,False
3r8c_1,crystal,0.116,0.884,True
3r8e_1,biological,0.912,0.088,True
3r8k_1,biological,0.932,0.068,False
3rao_1,crystal,0.02,0.98,True
3rbg_2,crystal,0.316,0.684,False
3ret_7,crystal,0.248,0.752,False
3rjs_1,biological,0.956,0.044,False
3rks_2,biological,0.572,0.428,False
3rmk_3,crystal,0.008,0.992,False
3rny_3,crystal,0.496,0.504,False
3ro8_19,biological,0.868,0.132,False
3rob_1,biological,0.748,0.252,False
3rog_2,crystal,0.028,0.972,False
3ros_1,biological,0.976,0.024,False
3rpc_2,crystal,0.172,0.828,False
3rri_2,biological,0.944,0.056,False
3rt0_1,crystal,0.312,0.688,True
3rt2_2,biological,0.644,0.356,False
3rtl_6,crystal,0.336,0.664,False
3rtr_20,biological,0.816,0.184,False
3s4r_7,biological,0.64,0.36,False
3sdp_1,crystal,0.436,0.564,False
3smd_2,biological,0.824,0.176,False
3smt_4,biological,0.888,0.112,False
3sno_1,biological,0.512,0.488,True
3ssi_1,biological,0.592,0.408,False
3sti_6,crystal,0.052,0.948,False
3svk_1,crystal,0.476,0.524,True
3t6n_4,biological,0.636,0.364,False
3t9y_1,biological,1.0,0.0,False
3tbo_1,biological,0.788,0.212,False
3teq_1,crystal,0.32,0.68,False
3teq_3,crystal,0.3,0.7,False
3ter_1,crystal,0.224,0.776,False
3tg8_4,crystal,0.388,0.612,False
3tgo_11,biological,0.6,0.4,False
3thn_1,biological,0.944,0.056,False
3tn4_1,biological,0.956,0.044,False
3toe_1,biological,0.716,0.284,True
3tpe_4,biological,0.68,0.32,False
3tqj_1,biological,0.972,0.028,True
3tqu_2,crystal,0.476,0.524,False
3tr2_1,biological,0.988,0.012,True
3trc_1,crystal,0.464,0.536,True
3tsw_4,crystal,0.332,0.668,False
3ty9_4,biological,0.54,0.46,False
3tzu_1,crystal,0.024,0.976,False
3u5v_1,biological,0.968,0.032,False
3u7i_2,biological,0.584,0.416,True
3u80_1,biological,0.592,0.408,True
3u8z_10,crystal,0.256,0.744,False
3u8z_2,biological,0.956,0.044,False
3ucr_1,crystal,0.392,0.608,False
3uen_5,crystal,0.348,0.652,False
3uf5_1,crystal,0.336,0.664,False
3ufe_1,biological,0.984,0.016,False
3uit_14,crystal,0.164,0.836,False
3umc_2,crystal,0.408,0.592,False
3uqz_1,crystal,0.408,0.592,False
3uro_2,crystal,0.396,0.604,False
3ut0_7,crystal,0.008,0.992,False
3v00_10,crystal,0.44,0.56,False
3v0e_5,biological,0.732,0.268,False
3v6n_1,crystal,0.364,0.636,False
3vdu_4,crystal,0.312,0.688,False
3vh1_2,crystal,0.076,0.924,False
3vnf_2,crystal,0.46,0.54,False
3vx3_1,crystal,0.476,0.524,False
3w64_1,biological,0.512,0.488,False
3w66_1,crystal,0.496,0.504,False
3wbi_8,crystal,0.368,0.632,False
3wbj_2,crystal,0.16,0.84,False
3wbj_6,crystal,0.248,0.752,False
3wgn_3,crystal,0.12,0.88,False
3wkl_2,crystal,0.184,0.816,False
3wnk_2,crystal,0.42,0.58,True
3woa_1,crystal,0.312,0.688,False
3woi_1,crystal,0.072,0.928,False
3wpw_1,crystal,0.424,0.576,False
3wud_1,biological,0.5,0.5,False
3wxm_3,crystal,0.256,0.744,False
3zc9_1,biological,0.804,0.196,False
3zig_1,biological,0.788,0.212,False
3zl7_8,crystal,0.328,0.672,False
3zpg_1,biological,0.98,0.02,False
3zrd_1,crystal,0.436,0.564,False
3zrt_1,biological,0.688,0.312,False
3zyl_1,biological,0.58,0.42,False
4a12_9,biological,0.624,0.376,False
4a56_1,crystal,0.176,0.824,False
4a64_5,biological,0.516,0.484,False
4a7p_1,biological,0.98,0.02,False
4aj7_1,biological,0.584,0.416,False
4aqf_9,crystal,0.404,0.596,False
4aqt_3,biological,0.792,0.208,False
4aw3_1,crystal,0.116,0.884,False
4axv_2,crystal,0.436,0.564,False
4ayg_2,biological,0.572,0.428,False
4ayn_1,biological,0.592,0.408,False
4b87_1,crystal,0.312,0.688,True
4bbr_39,crystal,0.3,0.7,False
4bkm_1,biological,0.944,0.056,False
4bla_10,crystal,0.404,0.596,False
4bq8_3,crystal,0.252,0.748,False
4c0o_1,crystal,0.18,0.82,False
4c0p_1,crystal,0.348,0.652,False
4c0s_1,biological,0.828,0.172,False
4c5g_6,crystal,0.232,0.768,False
4c98_1,biological,0.664,0.336,True
4ccf_7,crystal,0.348,0.652,False
4cgr_1,biological,0.8,0.2,False
4chl_1,crystal,0.264,0.736,False
4ckl_2,biological,0.828,0.172,False
4ckm_2,biological,0.504,0.496,False
4ckn_2,biological,0.732,0.268,False
4cmp_11,crystal,0.156,0.844,False
4cqo_2,crystal,0.264,0.736,False
4cqo_7,crystal,0.38,0.62,False
4cyj_12,crystal,0.424,0.576,False
4czm_1,crystal,0.12,0.88,False
4czm_5,crystal,0.296,0.704,False
4d6y_1,biological,0.732,0.268,False
4d94_2,biological,0.536,0.464,False
4d9o_1,biological,0.644,0.356,False
4da4_1,biological,0.628,0.372,False
4dez_3,crystal,0.376,0.624,False
4dj2_1,biological,0.688,0.312,False
4dj3_1,crystal,0.312,0.688,False
4dkc_1,biological,0.56,0.44,False
4dmz_1,crystal,0.244,0.756,False
4dq0_1,biological,0.728,0.272,False
4ds3_1,biological,0.668,0.332,False
4dsc_1,biological,0.624,0.376,False
4du5_2,crystal,0.272,0.728,False
4dup_1,biological,0.848,0.152,False
4dvh_1,biological,0.976,0.024,True
4dyw_3,biological,0.8,0.2,False
4e04_1,biological,0.852,0.148,False
4e4j_2,crystal,0.104,0.896,False
4e5y_1,biological,0.808,0.192,False
4e69_2,biological,0.548,0.452,True
4e86_14,biological,0.664,0.336,False
4e89_2,biological,0.5,0.5,False
4eht_1,crystal,0.396,0.604,False
4eib_6,biological,0.956,0.044,False
4emb_2,crystal,0.328,0.672,False
4eo9_1,crystal,0.264,0.736,False
4epl_2,crystal,0.184,0.816,False
4eru_1,crystal,0.456,0.544,False
4ese_1,biological,0.752,0.248,False
4ex4_1,crystal,0.156,0.844,False
4exn_1,biological,0.552,0.448,False
4exo_1,crystal,0.312,0.688,False
4exq_2,biological,0.552,0.448,False
4f2n_2,biological,0.972,0.028,True
4f7o_1,crystal,0.076,0.924,False
4f7r_11,biological,0.988,0.012,False
4f82_1,biological,0.756,0.244,False
4fbi_1,biological,0.848,0.152,False
4fdb_1,biological,0.884,0.116,False
4fhl_2,biological,0.524,0.476,False
4flb_1,crystal,0.016,0.984,False
4fn9_1,crystal,0.38,0.62,False
4fna_6,biological,0.564,0.436,False
4fqn_1,crystal,0.436,0.564,False
4fqu_5,crystal,0.036,0.964,False
4fr2_1,biological,0.928,0.072,False
4ft4_1,biological,0.596,0.404,False
4fzp_1,biological,0.636,0.364,False
4g0a_16,biological,0.664,0.336,False
4g0b_5,biological,0.56,0.44,False
4g1l_10,crystal,0.352,0.648,True
4g2e_1,biological,0.764,0.236,False
4g37_4,crystal,0.116,0.884,False
4g3u_6,biological,0.86,0.14,False
4g7n_1,crystal,0.22,0.78,False
4g8t_2,crystal,0.34,0.66,False
4ga4_1,biological,0.896,0.104,False
4gc9_1,biological,0.896,0.104,False
4gdy_11,crystal,0.052,0.948,False
4gew_4,biological,0.984,0.016,True
4gmg_11,crystal,0.316,0.684,False
4gmk_1,biological,0.944,0.056,True
4gml_1,crystal,0.356,0.644,False
4gtw_1,crystal,0.428,0.572,False
4guz_5,biological,0.72,0.28,False
4gvl_7,biological,0.708,0.292,False
4h2i_1,biological,0.92,0.08,False
4h6u_1,biological,1.0,0.0,False
4h6z_1,biological,0.828,0.172,False
4hc1_28,biological,0.952,0.048,False
4hd0_5,crystal,0.292,0.708,False
4hdg_1,biological,0.62,0.38,False
4hf7_1,crystal,0.376,0.624,True
4hhe_4,biological,0.98,0.02,False
4hj1_6,biological,0.924,0.076,True
4hne_6,biological,0.584,0.416,False
4hok_1,biological,0.892,0.108,False
4hwx_1,biological,0.756,0.244,False
4i15_1,crystal,0.016,0.984,False
4i1m_4,crystal,0.432,0.568,False
4i1t_1,crystal,0.22,0.78,False
4i24_3,biological,0.856,0.144,False
4i5q_1,biological,0.832,0.168,False
4i6s_9,biological,0.82,0.18,False
4i8c_13,crystal,0.208,0.792,False
4ic3_1,crystal,0.416,0.584,False
4ikm_1,crystal,0.04,0.96,False
4ina_1,biological,0.716,0.284,False
4iry_1,crystal,0.232,0.768,False
4iyp_5,biological,0.624,0.376,False
4iys_1,biological,0.632,0.368,False
4j2p_1,biological,0.992,0.008,False
4j9a_11,crystal,0.256,0.744,False
4jc8_1,crystal,0.464,0.536,False
4jdl_2,crystal,0.268,0.732,False
4je1_1,crystal,0.356,0.644,False
4jp4_1,biological,0.856,0.144,False
4ju5_1,biological,0.96,0.04,False
4jz2_1,biological,0.96,0.04,False
4k30_3,biological,0.532,0.468,False
4k5s_1,crystal,0.052,0.948,True
4kcx_1,crystal,0.144,0.856,False
4kgb_1,biological,0.984,0.016,False
4kkd_1,crystal,0.128,0.872,False
4kmd_4,biological,0.644,0.356,False
4knh_1,biological,0.936,0.064,False
4knh_4,crystal,0.168,0.832,False
4kv9_1,crystal,0.1,0.9,False
4kvr_2,crystal,0.164,0.836,False
4kxf_17,biological,0.64,0.36,False
4kyx_1,biological,0.88,0.12,False
4l3q_1,crystal,0.08,0.92,False
4l4w_9,crystal,0.18,0.82,False
4l4z_1,biological,0.756,0.244,False
4l7e_1,biological,0.92,0.08,False
4l85_1,crystal,0.264,0.736,False
4ld8_1,crystal,0.368,0.632,False
4ldb_4,biological,0.868,0.132,False
4ldz_1,crystal,0.308,0.692,False
4le0_1,crystal,0.408,0.592,False
4lev_3,crystal,0.2,0.8,False
4lft_1,crystal,0.384,0.616,False
4lhc_2,biological,0.596,0.404,False
4lir_1,crystal,0.428,0.572,False
4ljk_2,crystal,0.116,0.884,False
4lmf_6,biological,0.82,0.18,False
4lo5_2,biological,0.588,0.412,False
4low_1,crystal,0.304,0.696,False
4lrw_1,crystal,0.14,0.86,False
4lw8_1,biological,0.856,0.144,True
4lza_1,biological,0.92,0.08,False
4m58_1,biological,0.604,0.396,False
4mdh_1,biological,0.98,0.02,False
4mei_1,crystal,0.348,0.652,False
4mhr_2,biological,0.804,0.196,False
4mko_2,biological,0.536,0.464,False
4mkq_1,biological,0.72,0.28,False
4mmm_5,biological,0.684,0.316,False
4mqb_1,crystal,0.048,0.952,False
4muo_1,biological,0.74,0.26,False
4n3v_1,biological,0.604,0.396,False
4n4a_3,crystal,0.476,0.524,False
4nf1_4,biological,0.636,0.364,False
4ngf_4,crystal,0.104,0.896,False
4nif_2,crystal,0.348,0.652,False
4nk0_2,crystal,0.212,0.788,False
4nld_3,biological,0.652,0.348,False
4nnz_2,crystal,0.332,0.668,False
4npj_1,biological,0.688,0.312,False
4nqq_1,crystal,0.152,0.848,False
4nsv_1,crystal,0.272,0.728,False
4nuq_1,biological,0.516,0.484,False
4nvr_1,crystal,0.488,0.512,False
4nwc_2,crystal,0.112,0.888,False
4nxf_1,crystal,0.196,0.804,False
4nxw_2,crystal,0.188,0.812,False
4nzj_2,crystal,0.428,0.572,False
4nzq_2,crystal,0.148,0.852,False
4nzv_1,biological,0.56,0.44,False
4o03_1,crystal,0.448,0.552,False
4o1h_1,crystal,0.308,0.692,False
4o1i_2,crystal,0.204,0.796,False
4o1r_2,crystal,0.46,0.54,False
4o1w_1,crystal,0.18,0.82,False
4o67_1,crystal,0.064,0.936,False
4o7v_1,biological,0.84,0.16,False
4o9k_1,crystal,0.42,0.58,False
4oar_3,crystal,0.164,0.836,False
4ofd_1,crystal,0.224,0.776,False
4ohc_2,biological,0.836,0.164,False
4oie_1,crystal,0.34,0.66,False
4oja_1,biological,0.788,0.212,False
4oky_1,crystal,0.26,0.74,False
4omv_1,crystal,0.4,0.6,False
4oph_1,biological,0.516,0.484,False
4ov8_5,biological,0.884,0.116,False
4p2l_1,crystal,0.108,0.892,False
4p3o_5,biological,0.512,0.488,False
4p3w_1,crystal,0.436,0.564,False
4p52_2,biological,0.532,0.468,False
4p7o_1,crystal,0.336,0.664,False
4paa_1,crystal,0.04,0.96,False
4pbc_1,biological,0.976,0.024,False
4pbe_1,biological,0.872,0.128,False
4pel_7,crystal,0.108,0.892,False
4pfe_1,biological,0.748,0.252,False
4ph6_1,biological,0.68,0.32,False
4pln_1,crystal,0.276,0.724,False
4pob_1,crystal,0.44,0.56,False
4ppy_1,crystal,0.084,0.916,True
4pr3_1,biological,0.932,0.068,False
4pwz_1,crystal,0.064,0.936,True
4pyz_1,crystal,0.08,0.92,False
4pz8_4,biological,0.796,0.204,False
4pz9_1,crystal,0.204,0.796,False
4pzk_1,biological,0.992,0.008,False
4q5y_1,biological,0.528,0.472,False
4q7e_1,crystal,0.456,0.544,False
4q7j_22,crystal,0.056,0.944,False
4q96_2,biological,0.996,0.004,False
4q97_1,crystal,0.452,0.548,False
4q9a_1,biological,0.784,0.216,False
4qbo_1,biological,0.848,0.152,False
4qdh_1,crystal,0.344,0.656,False
4qds_1,biological,0.78,0.22,False
4qf2_1,crystal,0.096,0.904,False
4qf3_3,biological,0.58,0.42,False
4qgb_1,biological,0.792,0.208,False
4qhh_3,biological,0.52,0.48,False
4qhi_1,crystal,0.444,0.556,False
4qhj_1,biological,0.76,0.24,False
4qin_1,biological,0.928,0.072,False
4qxw_1,biological,0.884,0.116,False
4ray_1,biological,0.972,0.028,False
4rb0_7,biological,0.644,0.356,False
4rct_1,biological,0.968,0.032,False
4re8_3,biological,0.592,0.408,False
4red_1,biological,0.928,0.072,False
4red_8,biological,0.964,0.036,False
4rfp_1,crystal,0.144,0.856,False
4rly_3,crystal,0.48,0.52,False
4rmm_1,biological,0.78,0.22,False
4rnj_1,crystal,0.1,0.9,False
4rxj_2,biological,0.988,0.012,False
4rz0_1,crystal,0.46,0.54,False
4rzk_1,crystal,0.144,0.856,False
4s3m_1,crystal,0.272,0.728,False
4tkx_3,crystal,0.3,0.7,False
4tkz_2,biological,0.972,0.028,False
4tmb_2,crystal,0.22,0.78,False
4trt_1,biological,0.54,0.46,False
4tse_1,biological,0.72,0.28,False
4tt4_1,crystal,0.16,0.84,False
4ttw_1,crystal,0.48,0.52,False
4twa_2,crystal,0.44,0.56,False
4u04_1,biological,0.696,0.304,False
4u59_2,biological,0.928,0.072,False
4u5k_1,biological,0.8,0.2,False
4u66_5,biological,0.804,0.196,False
4u9o_3,biological,0.888,0.112,False
4v07_1,biological,0.96,0.04,False
4w4j_5,biological,0.92,0.08,False
4w8c_6,biological,0.976,0.024,False
4w8j_6,biological,0.952,0.048,False
4w8p_5,crystal,0.44,0.56,False
4whj_1,biological,0.504,0.496,False
4wlm_2,biological,0.612,0.388,False
4wny_1,biological,0.752,0.248,False
4wov_3,crystal,0.244,0.756,False
4wph_1,crystal,0.268,0.732,False
4wt0_1,biological,0.608,0.392,False
4wvr_2,crystal,0.272,0.728,False
4wwc_3,crystal,0.228,0.772,False
4wzh_4,crystal,0.312,0.688,False
4x0r_1,crystal,0.472,0.528,False
4x94_4,crystal,0.048,0.952,False
4xar_1,biological,0.532,0.468,False
4xas_1,crystal,0.152,0.848,False
4xbd_3,crystal,0.168,0.832,False
4xea_1,crystal,0.132,0.868,False
4xss_5,crystal,0.364,0.636,False
4xvv_1,crystal,0.488,0.512,False
4xws_2,biological,0.596,0.404,False
4y5u_1,biological,0.828,0.172,False
4ye0_1,crystal,0.408,0.592,False
4yet_1,biological,0.984,0.016,True
4yh6_1,biological,0.968,0.032,False
4yiw_1,biological,0.588,0.412,False
4yl6_4,crystal,0.368,0.632,False
4ytv_3,crystal,0.308,0.692,False
4yxf_1,biological,0.96,0.04,False
4yyy_1,crystal,0.0,1.0,False
4z8x_8,biological,0.88,0.12,False
4zai_4,biological,0.804,0.196,False
4zch_5,biological,0.796,0.204,False
4zdu_4,crystal,0.06,0.94,False
4zhr_4,crystal,0.068,0.932,False
4ziq_3,biological,0.904,0.096,False
4zlp_4,crystal,0.26,0.74,False
4zms_1,biological,0.532,0.468,False
4zmy_1,biological,0.604,0.396,False
4zng_1,crystal,0.324,0.676,False
4zqb_1,crystal,0.224,0.776,False
4zrn_1,biological,0.892,0.108,False
4zwv_1,biological,0.996,0.004,False
5a0j_1,biological,0.812,0.188,False
5a1k_8,biological,0.692,0.308,False
5abr_1,biological,0.528,0.472,False
5afb_2,biological,0.856,0.144,False
5afb_5,biological,0.596,0.404,False
5ajn_3,biological,0.864,0.136,False
5an1_5,biological,0.78,0.22,False
5ayp_1,biological,0.992,0.008,False
5b1y_1,biological,0.984,0.016,False
5b3z_1,crystal,0.192,0.808,False
5b7z_1,crystal,0.132,0.868,False
5bqn_4,crystal,0.324,0.676,False
5c04_1,biological,0.672,0.328,False
5c2x_1,crystal,0.272,0.728,False
5c3q_18,crystal,0.072,0.928,False
5c6m_2,crystal,0.448,0.552,False
5c9v_3,biological,0.632,0.368,False
5ca9_6,crystal,0.18,0.82,False
5cb2_3,biological,0.948,0.052,False
5cho_3,biological,0.996,0.004,False
5cjj_1,crystal,0.176,0.824,False
5ckl_1,biological,0.672,0.328,False
5ckm_1,biological,0.82,0.18,False
5ckn_1,crystal,0.16,0.84,False
5coa_3,crystal,0.432,0.568,False
5col_1,biological,0.86,0.14,False
5cow_2,crystal,0.22,0.78,False
5crb_1,crystal,0.44,0.56,False
5crc_1,biological,0.992,0.008,False
5cro_1,crystal,0.42,0.58,False
5csa_6,biological,0.896,0.104,False
5d9g_2,biological,0.896,0.104,False
5dbl_1,crystal,0.32,0.68,False
5dis_10,crystal,0.144,0.856,False
5dqw_1,biological,0.884,0.116,False
5dra_1,biological,0.86,0.14,False
5dtm_1,biological,0.552,0.448,False
5dyk_2,biological,0.668,0.332,False
5dym_1,biological,0.892,0.108,False
5dyw_1,crystal,0.004,0.996,False
5dzm_3,biological,0.908,0.092,False
5e5p_4,biological,0.796,0.204,False
5e6m_3,crystal,0.184,0.816,False
5eb9_1,biological,0.504,0.496,False
5edx_1,biological,0.596,0.404,False
5eg8_1,crystal,0.416,0.584,False
5eo6_1,biological,0.944,0.056,False
5ep8_1,biological,0.888,0.112,False
5eq9_1,biological,0.868,0.132,False
5eqf_7,crystal,0.1,0.9,False
5ex9_2,biological,0.992,0.008,False
5exv_1,biological,0.888,0.112,False
5eyo_2,biological,0.836,0.164,False
5f05_1,biological,0.924,0.076,False
5f3k_1,biological,0.804,0.196,False
5f5m_14,crystal,0.456,0.544,False
5f5m_2,crystal,0.384,0.616,False
5f5r_2,crystal,0.388,0.612,False
5f74_2,crystal,0.14,0.86,False
5feg_1,crystal,0.404,0.596,False
5fgo_1,biological,0.912,0.088,False
5fjz_4,crystal,0.22,0.78,False
5fn0_6,biological,0.548,0.452,False
5fom_2,crystal,0.48,0.52,False
5fub_1,biological,0.944,0.056,False
5fuf_1,biological,0.672,0.328,False
5gkx_4,biological,0.968,0.032,False
5gmj_6,biological,0.964,0.036,False
5gt9_1,biological,0.676,0.324,False
5gus_1,crystal,0.196,0.804,False
5gx8_1,crystal,0.136,0.864,False
5gyr_7,biological,0.988,0.012,False
5gzu_1,crystal,0.172,0.828,False
5h0i_1,crystal,0.136,0.864,False
5h13_1,biological,0.816,0.184,False
5h23_1,crystal,0.472,0.528,False
5h5n_1,biological,0.684,0.316,False
5h7z_5,crystal,0.404,0.596,False
5hay_1,crystal,0.388,0.612,False
5hb0_7,biological,0.712,0.288,False
5hb4_7,crystal,0.02,0.98,False
5hiz_1,biological,0.656,0.344,False
5hkl_1,biological,0.604,0.396,False
5hm4_1,crystal,0.472,0.528,False
5hns_1,biological,0.932,0.068,False
5ho9_4,crystal,0.184,0.816,False
5hpj_1,crystal,0.12,0.88,False
5hpk_5,crystal,0.156,0.844,False
5hqw_1,crystal,0.296,0.704,False
5hs8_1,biological,0.812,0.188,False
5hsx_3,crystal,0.232,0.768,False
5hu7_1,crystal,0.336,0.664,False
5hxo_1,biological,0.984,0.016,False
5i10_2,crystal,0.492,0.508,False
5i4c_1,crystal,0.476,0.524,False
5ie7_1,biological,0.628,0.372,False
5ifw_6,biological,0.72,0.28,False
5ig8_1,biological,0.976,0.024,False
5igh_2,biological,0.972,0.028,False
5igp_2,biological,0.776,0.224,False
5il5_1,crystal,0.28,0.72,False
5imt_6,crystal,0.076,0.924,False
5iqw_2,biological,0.836,0.164,False
5iu2_1,biological,0.812,0.188,False
5iu9_1,biological,0.736,0.264,False
5j1f_4,crystal,0.144,0.856,False
5j6o_1,biological,0.508,0.492,False
5j7n_3,biological,0.908,0.092,False
5j9c_1,biological,0.604,0.396,False
5jgk_1,crystal,0.168,0.832,False
5jk9_1,crystal,0.164,0.836,False
5jrh_1,crystal,0.008,0.992,False
5jsq_1,biological,0.804,0.196,False
5k2i_1,crystal,0.332,0.668,False
5k4b_1,biological,0.596,0.404,False
5k5t_1,biological,0.76,0.24,False
5k93_1,crystal,0.164,0.836,False
5knl_11,crystal,0.228,0.772,False
5kol_2,biological,0.904,0.096,False
5ks7_1,biological,0.744,0.256,False
5kvt_2,crystal,0.316,0.684,False
5kyn_7,crystal,0.148,0.852,False
5kz6_1,crystal,0.476,0.524,False
5l40_2,crystal,0.148,0.852,False
5l45_1,biological,0.608,0.392,False
5l6q_1,crystal,0.212,0.788,False
5l7d_1,crystal,0.048,0.952,False
5l7n_1,crystal,0.3,0.7,False
5lb8_1,crystal,0.152,0.848,False
5lc1_5,biological,0.816,0.184,False
5lj8_3,crystal,0.248,0.752,False
5llj_1,biological,0.604,0.396,False
5lta_3,crystal,0.04,0.96,False
5lvz_1,biological,0.684,0.316,False
5lx8_1,biological,0.828,0.172,False
5m7q_3,crystal,0.284,0.716,False
5mat_1,crystal,0.196,0.804,False
5mfa_3,crystal,0.26,0.74,False
5mio_5,biological,0.896,0.104,False
5mja_1,crystal,0.42,0.58,False
5mqh_4,biological,0.884,0.116,False
5msn_1,crystal,0.476,0.524,False
5mus_1,biological,0.88,0.12,False
5mwx_1,biological,0.54,0.46,False
5mz4_7,biological,0.94,0.06,False
5mzo_2,crystal,0.088,0.912,False
5n69_1,crystal,0.116,0.884,False
5n71_4,biological,0.904,0.096,False
5n7l_1,biological,0.576,0.424,False
5na8_5,crystal,0.388,0.612,False
5ncr_1,crystal,0.468,0.532,False
5ncs_1,biological,0.928,0.072,False
5nfo_5,crystal,0.364,0.636,False
5nqz_11,crystal,0.492,0.508,False
5o8e_2,crystal,0.176,0.824,False
5oj8_3,biological,0.652,0.348,False
5omn_2,crystal,0.348,0.652,False
5onc_1,biological,0.976,0.024,False
5oym_13,biological,0.96,0.04,False
5p21_1,crystal,0.172,0.828,False
5qsl_2,crystal,0.4,0.6,False
5svg_1,biological,0.94,0.06,False
5sy4_1,biological,0.948,0.052,False
5t93_1,biological,0.528,0.472,False
5t9f_1,crystal,0.308,0.692,False
5tc2_1,biological,0.6,0.4,False
5tdq_2,crystal,0.288,0.712,False
5trb_1,biological,0.656,0.344,False
5tus_3,biological,0.936,0.064,False
5u0i_1,biological,0.668,0.332,False
5u0k_4,biological,0.684,0.316,False
5uig_4,biological,0.932,0.068,False
5ujf_2,crystal,0.4,0.6,False
5ume_2,biological,0.684,0.316,False
5uos_1,crystal,0.132,0.868,False
5uqm_2,crystal,0.044,0.956,False
5uvc_5,crystal,0.232,0.768,False
5uzx_1,crystal,0.24,0.76,False
5v01_1,biological,0.912,0.088,False
5v38_7,crystal,0.384,0.616,False
5vcp_1,biological,0.728,0.272,False
5vdf_4,biological,0.632,0.368,False
5vkt_2,biological,0.976,0.024,False
5vm1_5,biological,0.904,0.096,False
5vm4_4,crystal,0.496,0.504,False
5vm9_1,crystal,0.192,0.808,False
5vsc_1,crystal,0.44,0.56,False
5vxa_3,biological,0.504,0.496,False
5w5i_6,crystal,0.148,0.852,False
5wdi_2,crystal,0.12,0.88,False
5wly_5,biological,0.744,0.256,False
5wme_4,biological,0.876,0.124,False
5wme_5,crystal,0.16,0.84,False
5wof_13,biological,0.916,0.084,False
5wqi_2,biological,0.884,0.116,False
5wtx_4,crystal,0.444,0.556,False
5wyg_1,biological,0.84,0.16,False
5x9i_1,biological,0.864,0.136,False
5xbi_1,crystal,0.304,0.696,False
5xfl_2,crystal,0.276,0.724,False
5xo7_1,biological,0.664,0.336,False
5xpu_3,biological,0.992,0.008,False
5xq1_1,biological,0.98,0.02,False
5xwe_1,biological,0.588,0.412,False
5xwm_1,crystal,0.292,0.708,False
5xwm_3,crystal,0.036,0.964,False
5xwz_2,biological,0.724,0.276,False
5xzw_7,crystal,0.112,0.888,False
5y2f_2,crystal,0.056,0.944,False
5y3e_2,crystal,0.368,0.632,False
5y4s_6,biological,0.612,0.388,False
5y4t_1,crystal,0.22,0.78,False
5y5w_17,biological,0.78,0.22,False
5y5w_3,biological,0.624,0.376,False
5y9h_4,crystal,0.364,0.636,False
5y9h_6,crystal,0.492,0.508,False
5yfn_4,biological,0.772,0.228,False
5ygs_6,biological,0.612,0.388,False
5yii_1,biological,0.84,0.16,False
5yii_2,biological,0.84,0.16,False
5yij_13,biological,0.588,0.412,False
5yij_5,biological,0.5,0.5,False
5yik_15,crystal,0.192,0.808,False
5yim_2,biological,0.884,0.116,False
5yp1_3,crystal,0.276,0.724,False
5yrg_1,biological,0.688,0.312,False
5ytb_12,biological,0.568,0.432,False
5z0y_1,crystal,0.312,0.688,False
5z70_2,crystal,0.464,0.536,False
5zhq_1,biological,0.512,0.488,False
5zln_1,biological,0.896,0.104,False
5zmd_1,crystal,0.136,0.864,False
5znd_3,crystal,0.496,0.504,False
5ztf_1,crystal,0.304,0.696,False
5zw3_1,biological,0.884,0.116,False
5zyo_2,biological,0.98,0.02,False
6a16_5,biological,0.748,0.252,False
6a17_1,biological,0.7,0.3,False
6a1z_5,crystal,0.26,0.74,False
6aeg_3,crystal,0.06,0.94,False
6aob_1,biological,0.596,0.404,False
6ar4_1,biological,0.664,0.336,False
6as7_3,crystal,0.352,0.648,False
6auj_1,biological,0.98,0.02,False
6azh_1,biological,0.98,0.02,False
6b5q_7,crystal,0.044,0.956,False
6b72_1,biological,0.772,0.228,False
6bb8_2,biological,0.948,0.052,False
6beb_5,biological,0.952,0.048,False
6bi7_21,biological,0.524,0.476,False
6bm9_1,biological,0.988,0.012,False
6bnc_1,crystal,0.34,0.66,False
6bui_11,crystal,0.012,0.988,False
6bwy_1,crystal,0.384,0.616,False
6cf6_1,biological,0.984,0.016,False
6cgb_1,biological,0.824,0.176,False
6cjs_3,biological,0.916,0.084,False
6d2s_6,biological,0.776,0.224,False
6d3l_1,biological,0.516,0.484,False
6d9m_4,crystal,0.228,0.772,False
6dd5_1,crystal,0.228,0.772,False
6dfk_9,crystal,0.144,0.856,False
6dkk_1,biological,0.996,0.004,False
6dkk_6,biological,0.876,0.124,False
6eet_1,biological,0.576,0.424,False
6ehg_10,crystal,0.496,0.504,False
6eku_2,biological,0.652,0.348,False
6emt_1,crystal,0.2,0.8,False
6eng_3,biological,0.628,0.372,False
6epp_2,crystal,0.356,0.644,False
6ewi_3,biological,0.708,0.292,False
6f1k_1,crystal,0.356,0.644,False
6f6p_1,biological,0.812,0.188,False
6fb3_1,crystal,0.272,0.728,False
6fhm_1,biological,0.976,0.024,False
6fju_1,biological,0.824,0.176,False
6fjv_2,biological,0.812,0.188,False
6fnz_4,biological,0.996,0.004,False
6fpt_1,biological,0.832,0.168,False
6fwt_2,crystal,0.104,0.896,False
6g16_10,biological,0.984,0.016,False
6g20_4,biological,0.784,0.216,False
6g5g_11,biological,0.604,0.396,False
6g88_1,crystal,0.392,0.608,False
6g8t_3,biological,0.76,0.24,False
6gc9_1,biological,0.892,0.108,False
6gfk_3,biological,0.864,0.136,False
6gjq_3,biological,0.772,0.228,False
6gsu_1,biological,0.636,0.364,False
6gv1_7,biological,0.728,0.272,False
6gzc_3,biological,0.684,0.316,False
6h3s_1,biological,0.728,0.272,False
6h3u_14,biological,0.624,0.376,False
6h4h_10,crystal,0.06,0.94,False
6h97_3,crystal,0.168,0.832,False
6hkw_16,biological,0.776,0.224,False
6hzl_2,crystal,0.26,0.74,False
6i04_3,crystal,0.444,0.556,False
6i3j_3,crystal,0.104,0.896,False
6i7k_1,crystal,0.324,0.676,False
6i97_1,biological,0.968,0.032,False
6ii0_11,crystal,0.168,0.832,False
6ii0_6,biological,0.988,0.012,False
6ii0_7,crystal,0.448,0.552,False
6iii_1,biological,0.604,0.396,False
6iny_1,crystal,0.332,0.668,False
6j09_4,biological,0.752,0.248,False
6j09_5,biological,0.66,0.34,False
6j20_3,biological,0.664,0.336,False
6jdu_3,biological,0.864,0.136,False
6jj4_4,crystal,0.4,0.6,False
6jod_12,crystal,0.112,0.888,False
6jol_2,crystal,0.376,0.624,False
6jsd_1,biological,0.992,0.008,False
6jtz_1,biological,0.952,0.048,False
6k4p_3,crystal,0.484,0.516,False
6k6n_1,biological,0.772,0.228,False
6kc6_7,crystal,0.26,0.74,False
6lnp_1,crystal,0.436,0.564,False
6mac_5,biological,0.644,0.356,False
6mav_7,crystal,0.148,0.852,False
6mxd_2,biological,0.876,0.124,False
6n5z_1,biological,0.86,0.14,False
6nc7_1,crystal,0.228,0.772,False
6nfl_3,crystal,0.312,0.688,False
6np6_5,biological,0.996,0.004,False
6o8b_4,crystal,0.396,0.604,False
6o9q_5,crystal,0.02,0.98,False
6orf_1,crystal,0.128,0.872,False
6otn_2,crystal,0.104,0.896,False
6p40_1,biological,0.836,0.164,False
6pkc_4,biological,0.78,0.22,False
6pqn_5,biological,0.976,0.024,False
6qgs_17,biological,0.816,0.184,False
6qpp_2,crystal,0.212,0.788,False
6qq2_2,crystal,0.024,0.976,False
6qsn_1,biological,0.936,0.064,False
6qu4_11,crystal,0.348,0.652,False
6qzh_3,crystal,0.156,0.844,False
6r2f_1,biological,0.828,0.172,False
6r2s_8,biological,0.708,0.292,False
6r80_2,biological,0.928,0.072,False
6rp3_5,crystal,0.416,0.584,False
6rrc_4,biological,0.716,0.284,False
6s1l_5,crystal,0.26,0.74,False
6tfq_4,crystal,0.256,0.744,False
6tka_4,crystal,0.416,0.584,False
6txq_3,crystal,0.268,0.732,False
6ucm_16,crystal,0.412,0.588,False
6vdd_2,crystal,0.192,0.808,False
6vjb_4,crystal,0.172,0.828,False
6w25_2,biological,0.764,0.236,False
6wrh_3,biological,0.744,0.256,False
8jdw_1,crystal,0.044,0.956,False
